{"mean":{"confidence_interval":{"confidence_level":0.95,"lower_bound":-0.006589949685015155,"upper_bound":0.01022812596072205},"point_estimate":0.0015635409033911696,"standard_error":0.004322674388077426},"median":{"confidence_interval":{"confidence_level":0.95,"lower_bound":-0.012868916261239316,"upper_bound":0.011933895251028614},"point_estimate":-0.00043046154406733983,"standard_error":0.005799482827043515}}