{"mean":{"confidence_interval":{"confidence_level":0.95,"lower_bound":1737201152.3675,"upper_bound":1750260671.2},"point_estimate":1744096146.0,"standard_error":3342129.8728916557},"median":{"confidence_interval":{"confidence_level":0.95,"lower_bound":1734114334.0,"upper_bound":1752198229.5},"point_estimate":1749745708.5,"standard_error":4836183.341204173},"median_abs_dev":{"confidence_interval":{"confidence_level":0.95,"lower_bound":505473.9285260439,"upper_bound":17694614.967557788},"point_estimate":8013237.139436603,"standard_error":4792920.518996483},"slope":null,"std_dev":{"confidence_interval":{"confidence_level":0.95,"lower_bound":4861845.564585756,"upper_bound":13575410.180875069},"point_estimate":11118435.346015513,"standard_error":2109013.5826553674}}