{"mean":{"confidence_interval":{"confidence_level":0.95,"lower_bound":-0.04282330654957308,"upper_bound":-0.03336941117360625},"point_estimate":-0.0380440004471293,"standard_error":0.002428271174334134},"median":{"confidence_interval":{"confidence_level":0.95,"lower_bound":-0.04510083212461047,"upper_bound":-0.03149129922192129},"point_estimate":-0.03719126032810938,"standard_error":0.0034322738809091395}}