{"mean":{"confidence_interval":{"confidence_level":0.95,"lower_bound":3396870788.645,"upper_bound":3433432575.1},"point_estimate":3414831283.3,"standard_error":9387295.11025384},"median":{"confidence_interval":{"confidence_level":0.95,"lower_bound":3388267249.5,"upper_bound":3442063750.0},"point_estimate":3410109563.0,"standard_error":13871573.55550267},"median_abs_dev":{"confidence_interval":{"confidence_level":0.95,"lower_bound":7716872.076398134,"upper_bound":54757144.29796636},"point_estimate":34957979.4090718,"standard_error":12061577.304282298},"slope":null,"std_dev":{"confidence_interval":{"confidence_level":0.95,"lower_bound":18388496.315429423,"upper_bound":38074150.34323878},"point_estimate":31304908.2559961,"standard_error":4966546.25734935}}