{"mean":{"confidence_interval":{"confidence_level":0.95,"lower_bound":12780230.5354375,"upper_bound":12849452.157421876},"point_estimate":12813376.622708334,"standard_error":17788.143276458937},"median":{"confidence_interval":{"confidence_level":0.95,"lower_bound":12774217.7125,"upper_bound":12868411.78125},"point_estimate":12792501.859375,"standard_error":24286.265047067332},"median_abs_dev":{"confidence_interval":{"confidence_level":0.95,"lower_bound":7974.381715300872,"upper_bound":98330.36994803789},"point_estimate":54844.616213813424,"standard_error":25163.844382130435},"slope":{"confidence_interval":{"confidence_level":0.95,"lower_bound":12781244.43655589,"upper_bound":12860039.217654558},"point_estimate":12819404.194805196,"standard_error":20184.972326105235},"std_dev":{"confidence_interval":{"confidence_level":0.95,"lower_bound":29802.518784018972,"upper_bound":73795.65316556048},"point_estimate":59255.31857307544,"standard_error":10902.085878887883}}