{"mean":{"confidence_interval":{"confidence_level":0.95,"lower_bound":-0.02289721107840786,"upper_bound":-0.017244404430709813},"point_estimate":-0.019922851405075548,"standard_error":0.0014496455656568532},"median":{"confidence_interval":{"confidence_level":0.95,"lower_bound":-0.02276905114318306,"upper_bound":-0.01496686426308691},"point_estimate":-0.019066030153500835,"standard_error":0.0019183085283752458}}