{"mean":{"confidence_interval":{"confidence_level":0.95,"lower_bound":49619501.29610416,"upper_bound":49738247.57511904},"point_estimate":49684020.24011905,"standard_error":30021.364645463596},"median":{"confidence_interval":{"confidence_level":0.95,"lower_bound":49665917.45,"upper_bound":49723039.9375},"point_estimate":49688297.32142857,"standard_error":15817.020705728593},"median_abs_dev":{"confidence_interval":{"confidence_level":0.95,"lower_bound":9183.93464945993,"upper_bound":140461.86038630537},"point_estimate":33954.08452719745,"standard_error":28668.042640504358},"slope":{"confidence_interval":{"confidence_level":0.95,"lower_bound":49666765.39333333,"upper_bound":49697075.01903143},"point_estimate":49681676.91038961,"standard_error":7631.812894557096},"std_dev":{"confidence_interval":{"confidence_level":0.95,"lower_bound":21496.70334571654,"upper_bound":147278.93431838768},"point_estimate":99698.63102080948,"standard_error":33415.292925578295}}