{"mean":{"confidence_interval":{"confidence_level":0.95,"lower_bound":1743932762.3,"upper_bound":1757710362.6425},"point_estimate":1750689016.6,"standard_error":3519425.070848966},"median":{"confidence_interval":{"confidence_level":0.95,"lower_bound":1740826166.5,"upper_bound":1760598208.5},"point_estimate":1748950583.5,"standard_error":5695040.868852448},"median_abs_dev":{"confidence_interval":{"confidence_level":0.95,"lower_bound":3152748.844027519,"upper_bound":19134126.138201356},"point_estimate":14270488.059148192,"standard_error":4095884.1187493014},"slope":null,"std_dev":{"confidence_interval":{"confidence_level":0.95,"lower_bound":7136365.384824792,"upper_bound":14385810.764793003},"point_estimate":11739211.004051007,"standard_error":1866255.8832954995}}