{"mean":{"confidence_interval":{"confidence_level":0.95,"lower_bound":2017294426.8125,"upper_bound":2043153934.275},"point_estimate":2028662916.6,"standard_error":6681400.469878238},"median":{"confidence_interval":{"confidence_level":0.95,"lower_bound":2013038562.5,"upper_bound":2039298187.5},"point_estimate":2019925042.0,"standard_error":7145955.623202231},"median_abs_dev":{"confidence_interval":{"confidence_level":0.95,"lower_bound":2689930.799344182,"upper_bound":29731718.13285649},"point_estimate":14335785.468488932,"standard_error":7090605.700547408},"slope":null,"std_dev":{"confidence_interval":{"confidence_level":0.95,"lower_bound":7643882.044185806,"upper_bound":31822459.285695683},"point_estimate":22404539.279751945,"standard_error":7057231.6525869155}}