{"mean":{"confidence_interval":{"confidence_level":0.95,"lower_bound":2071286628.1599998,"upper_bound":2103114858.5},"point_estimate":2084554133.4,"standard_error":8380126.077962277},"median":{"confidence_interval":{"confidence_level":0.95,"lower_bound":2069522125.0,"upper_bound":2090196292.0},"point_estimate":2072749479.0,"standard_error":6113730.53021292},"median_abs_dev":{"confidence_interval":{"confidence_level":0.95,"lower_bound":1663013.8579756021,"upper_bound":29208393.700647354},"point_estimate":5173193.092757463,"standard_error":7649030.8839208195},"slope":null,"std_dev":{"confidence_interval":{"confidence_level":0.95,"lower_bound":4652600.507890376,"upper_bound":40727957.6897453},"point_estimate":27869272.354848415,"standard_error":10372623.393768769}}