{"mean":{"confidence_interval":{"confidence_level":0.95,"lower_bound":208460198.60000002,"upper_bound":209103253.6991667},"point_estimate":208776656.9666667,"standard_error":163963.986021969},"median":{"confidence_interval":{"confidence_level":0.95,"lower_bound":208409472.1666667,"upper_bound":209112423.66666666},"point_estimate":208834097.3333333,"standard_error":180993.3864483304},"median_abs_dev":{"confidence_interval":{"confidence_level":0.95,"lower_bound":62361.861392877734,"upper_bound":957965.6643927097},"point_estimate":548953.3966540848,"standard_error":223683.72529685104},"slope":null,"std_dev":{"confidence_interval":{"confidence_level":0.95,"lower_bound":255566.69554584686,"upper_bound":726452.0913157517},"point_estimate":544746.7255833987,"standard_error":119333.92174538485}}