{"mean":{"confidence_interval":{"confidence_level":0.95,"lower_bound":266442492.97500002,"upper_bound":267097149.8},"point_estimate":266768928.95,"standard_error":167895.29579955607},"median":{"confidence_interval":{"confidence_level":0.95,"lower_bound":266237749.75,"upper_bound":267282031.0},"point_estimate":266731177.0,"standard_error":300505.8204593031},"median_abs_dev":{"confidence_interval":{"confidence_level":0.95,"lower_bound":97125.8655756712,"upper_bound":943644.119296968},"point_estimate":647834.2899486423,"standard_error":204937.86004423452},"slope":null,"std_dev":{"confidence_interval":{"confidence_level":0.95,"lower_bound":359335.4567598695,"upper_bound":659342.6609340821},"point_estimate":558903.5242484186,"standard_error":76540.2916790026}}