{"mean":{"confidence_interval":{"confidence_level":0.95,"lower_bound":46845937.011638395,"upper_bound":47202512.98375},"point_estimate":47033794.876964286,"standard_error":91410.97082229145},"median":{"confidence_interval":{"confidence_level":0.95,"lower_bound":46788333.0,"upper_bound":47238398.4375},"point_estimate":47117260.425,"standard_error":108557.96492391123},"median_abs_dev":{"confidence_interval":{"confidence_level":0.95,"lower_bound":55421.62559106946,"upper_bound":502327.57339440286},"point_estimate":188788.04446209664,"standard_error":125929.45239081366},"slope":{"confidence_interval":{"confidence_level":0.95,"lower_bound":47057861.28102951,"upper_bound":47226271.992753625},"point_estimate":47149241.06883117,"standard_error":43255.1511725892},"std_dev":{"confidence_interval":{"confidence_level":0.95,"lower_bound":139994.8040837539,"upper_bound":399544.09076130745},"point_estimate":305656.20553959033,"standard_error":66922.11404655493}}