{"mean":{"confidence_interval":{"confidence_level":0.95,"lower_bound":-0.00046184004223666353,"upper_bound":0.004381813936255918},"point_estimate":0.0018814955806851774,"standard_error":0.0012318161534580734},"median":{"confidence_interval":{"confidence_level":0.95,"lower_bound":-0.0013421369496767754,"upper_bound":0.004675633437697169},"point_estimate":0.0016534936019927393,"standard_error":0.0017355314915030635}}