{"mean":{"confidence_interval":{"confidence_level":0.95,"lower_bound":6274397055.764999,"upper_bound":6336252299.9},"point_estimate":6305651141.6,"standard_error":15855486.605339816},"median":{"confidence_interval":{"confidence_level":0.95,"lower_bound":6257820791.0,"upper_bound":6347568500.0},"point_estimate":6312696875.0,"standard_error":23758900.9360079},"median_abs_dev":{"confidence_interval":{"confidence_level":0.95,"lower_bound":16999151.782804728,"upper_bound":87073435.9695375},"point_estimate":65131049.021592736,"standard_error":18833572.035000026},"slope":null,"std_dev":{"confidence_interval":{"confidence_level":0.95,"lower_bound":31702434.841650005,"upper_bound":64908100.643910654},"point_estimate":52743891.69472282,"standard_error":8478943.728198217}}