{"mean":{"confidence_interval":{"confidence_level":0.95,"lower_bound":508442404.1,"upper_bound":511047891.7},"point_estimate":509455708.3,"standard_error":715967.3432920561},"median":{"confidence_interval":{"confidence_level":0.95,"lower_bound":508129750.0,"upper_bound":509425750.0},"point_estimate":508987187.5,"standard_error":386637.4897846467},"median_abs_dev":{"confidence_interval":{"confidence_level":0.95,"lower_bound":117279.5883178711,"upper_bound":1612883.4463655949},"point_estimate":911150.3463238478,"standard_error":385394.50829079654},"slope":null,"std_dev":{"confidence_interval":{"confidence_level":0.95,"lower_bound":470286.64863394166,"upper_bound":3632863.065657412},"point_estimate":2377736.8056685543,"standard_error":1076518.7868200466}}