{"mean":{"confidence_interval":{"confidence_level":0.95,"lower_bound":-0.014579679027233838,"upper_bound":-0.007003416208231844},"point_estimate":-0.010847245333881372,"standard_error":0.0019343047379767506},"median":{"confidence_interval":{"confidence_level":0.95,"lower_bound":-0.014955974207972678,"upper_bound":-0.006764540280895015},"point_estimate":-0.011487427402012362,"standard_error":0.0018875983185647287}}