{"mean":{"confidence_interval":{"confidence_level":0.95,"lower_bound":6237209762.3,"upper_bound":6249381508.2625},"point_estimate":6243306008.3,"standard_error":3110987.3042332167},"median":{"confidence_interval":{"confidence_level":0.95,"lower_bound":6236260708.0,"upper_bound":6250383604.5},"point_estimate":6243374104.5,"standard_error":3810014.028104621},"median_abs_dev":{"confidence_interval":{"confidence_level":0.95,"lower_bound":3403833.079969883,"upper_bound":17806952.3088634},"point_estimate":10345891.738423705,"standard_error":3732128.0591230616},"slope":null,"std_dev":{"confidence_interval":{"confidence_level":0.95,"lower_bound":5588707.191013062,"upper_bound":13372722.046392644},"point_estimate":10361136.613786198,"standard_error":1995661.2003642602}}