{"mean":{"confidence_interval":{"confidence_level":0.95,"lower_bound":-0.004579473016823168,"upper_bound":-0.0016713323244875464},"point_estimate":-0.003158260277184355,"standard_error":0.0007431264977599205},"median":{"confidence_interval":{"confidence_level":0.95,"lower_bound":-0.005467374020415194,"upper_bound":-0.001741931399051544},"point_estimate":-0.003331393795134696,"standard_error":0.000858230014945377}}