{"mean":{"confidence_interval":{"confidence_level":0.95,"lower_bound":3130116637.4,"upper_bound":3149734409.6675},"point_estimate":3140577470.8,"standard_error":5027428.121615019},"median":{"confidence_interval":{"confidence_level":0.95,"lower_bound":3124097167.0,"upper_bound":3152778042.0},"point_estimate":3147192771.0,"standard_error":7137370.896175741},"median_abs_dev":{"confidence_interval":{"confidence_level":0.95,"lower_bound":2125708.846861124,"upper_bound":28280286.117124557},"point_estimate":9642150.45671761,"standard_error":6402553.794411423},"slope":null,"std_dev":{"confidence_interval":{"confidence_level":0.95,"lower_bound":4861354.585251464,"upper_bound":19840308.750602677},"point_estimate":16709247.085462833,"standard_error":3225114.4746617866}}