{"mean":{"confidence_interval":{"confidence_level":0.95,"lower_bound":-0.010899770015664808,"upper_bound":0.007531581632389979},"point_estimate":-0.00207474512672734,"standard_error":0.0047539814447303584},"median":{"confidence_interval":{"confidence_level":0.95,"lower_bound":-0.014044767997339003,"upper_bound":0.013407777492265849},"point_estimate":-0.00621598166328341,"standard_error":0.006362073999109781}}