{"mean":{"confidence_interval":{"confidence_level":0.95,"lower_bound":886000756.3125,"upper_bound":892392239.3925},"point_estimate":889027933.5,"standard_error":1638047.3244922634},"median":{"confidence_interval":{"confidence_level":0.95,"lower_bound":883922583.0,"upper_bound":893181521.0},"point_estimate":887983938.0,"standard_error":2269934.0563631942},"median_abs_dev":{"confidence_interval":{"confidence_level":0.95,"lower_bound":863675.2712666988,"upper_bound":9306094.709783792},"point_estimate":6067139.348986745,"standard_error":2131864.9865131914},"slope":null,"std_dev":{"confidence_interval":{"confidence_level":0.95,"lower_bound":2763974.4541505603,"upper_bound":6878256.968278945},"point_estimate":5457394.26878093,"standard_error":1060051.5624131209}}