{"mean":{"confidence_interval":{"confidence_level":0.95,"lower_bound":21368277.426,"upper_bound":21422821.32547619},"point_estimate":21394603.018476196,"standard_error":13971.041317091025},"median":{"confidence_interval":{"confidence_level":0.95,"lower_bound":21362450.585714288,"upper_bound":21438759.266666666},"point_estimate":21386812.060714286,"standard_error":17893.712880240957},"median_abs_dev":{"confidence_interval":{"confidence_level":0.95,"lower_bound":9149.828672557516,"upper_bound":80519.7302894855},"point_estimate":49995.399702404386,"standard_error":19399.295996648332},"slope":{"confidence_interval":{"confidence_level":0.95,"lower_bound":21376977.236673772,"upper_bound":21432496.6766635},"point_estimate":21401406.667532466,"standard_error":14375.434547156367},"std_dev":{"confidence_interval":{"confidence_level":0.95,"lower_bound":25532.046140805804,"upper_bound":58902.90075527945},"point_estimate":46697.17143344996,"standard_error":8515.80681186934}}