{"mean":{"confidence_interval":{"confidence_level":0.95,"lower_bound":407850639.09125,"upper_bound":410022424.77750003},"point_estimate":408916491.65,"standard_error":558386.1834069284},"median":{"confidence_interval":{"confidence_level":0.95,"lower_bound":407296531.25,"upper_bound":410558552.0},"point_estimate":408588270.75,"standard_error":726043.5821075597},"median_abs_dev":{"confidence_interval":{"confidence_level":0.95,"lower_bound":370649.9934196472,"upper_bound":3425731.8228811026},"point_estimate":1923411.045652628,"standard_error":825815.9160380174},"slope":null,"std_dev":{"confidence_interval":{"confidence_level":0.95,"lower_bound":1064368.2549888995,"upper_bound":2309620.3674490685},"point_estimate":1857091.7869670286,"standard_error":320169.9067539074}}