{"mean":{"confidence_interval":{"confidence_level":0.95,"lower_bound":-0.022923634512330784,"upper_bound":-0.015724430769027707},"point_estimate":-0.019608832348274485,"standard_error":0.0018467838158402062},"median":{"confidence_interval":{"confidence_level":0.95,"lower_bound":-0.023956823583360598,"upper_bound":-0.01523396476684824},"point_estimate":-0.02070873711556398,"standard_error":0.0022543346356409108}}