{"mean":{"confidence_interval":{"confidence_level":0.95,"lower_bound":399478445.9,"upper_bound":401019195.83375},"point_estimate":400217058.4,"standard_error":395426.1898591407},"median":{"confidence_interval":{"confidence_level":0.95,"lower_bound":399206792.0,"upper_bound":401291333.5},"point_estimate":399761260.25,"standard_error":636468.71019378},"median_abs_dev":{"confidence_interval":{"confidence_level":0.95,"lower_bound":178467.60118156672,"upper_bound":2292686.668896675},"point_estimate":1318711.1486881971,"standard_error":556397.73471161},"slope":null,"std_dev":{"confidence_interval":{"confidence_level":0.95,"lower_bound":729074.1268439756,"upper_bound":1651485.5007941427},"point_estimate":1319648.4073643717,"standard_error":239407.30239008382}}