{"mean":{"confidence_interval":{"confidence_level":0.95,"lower_bound":-0.008702018573961818,"upper_bound":-0.0023664154944591682},"point_estimate":-0.00555094933915401,"standard_error":0.001635378146357638},"median":{"confidence_interval":{"confidence_level":0.95,"lower_bound":-0.010044537352341898,"upper_bound":-0.0012396135075022352},"point_estimate":-0.004799556540700967,"standard_error":0.0021989544358498965}}