{"mean":{"confidence_interval":{"confidence_level":0.95,"lower_bound":8121176.575178571,"upper_bound":8312866.6623663185},"point_estimate":8211510.732331349,"standard_error":49258.44984604369},"median":{"confidence_interval":{"confidence_level":0.95,"lower_bound":8076465.25,"upper_bound":8339056.420138888},"point_estimate":8170646.61235119,"standard_error":66249.58672554755},"median_abs_dev":{"confidence_interval":{"confidence_level":0.95,"lower_bound":25756.832515225182,"upper_bound":276595.7506706931},"point_estimate":143933.06618905216,"standard_error":64482.31663880053},"slope":{"confidence_interval":{"confidence_level":0.95,"lower_bound":8083267.176442166,"upper_bound":8227758.284326009},"point_estimate":8134419.227489177,"standard_error":37185.62265729936},"std_dev":{"confidence_interval":{"confidence_level":0.95,"lower_bound":66525.56106766703,"upper_bound":200554.51904202308},"point_estimate":164428.50108165556,"standard_error":32146.40664293648}}