{"mean":{"confidence_interval":{"confidence_level":0.95,"lower_bound":505991608.3,"upper_bound":506808879.3},"point_estimate":506374450.0,"standard_error":209546.7512446424},"median":{"confidence_interval":{"confidence_level":0.95,"lower_bound":505998958.0,"upper_bound":506736104.0},"point_estimate":506297166.5,"standard_error":175934.326633118},"median_abs_dev":{"confidence_interval":{"confidence_level":0.95,"lower_bound":59489.32394385338,"upper_bound":1132088.8770014048},"point_estimate":400024.00539815426,"standard_error":265371.39647720597},"slope":null,"std_dev":{"confidence_interval":{"confidence_level":0.95,"lower_bound":219165.9670459049,"upper_bound":958331.5717216649},"point_estimate":698795.0815003717,"standard_error":185829.39332096698}}