{"mean":{"confidence_interval":{"confidence_level":0.95,"lower_bound":209171163.17083332,"upper_bound":209770530.95},"point_estimate":209469183.36666664,"standard_error":153789.18136551842},"median":{"confidence_interval":{"confidence_level":0.95,"lower_bound":209029097.33333334,"upper_bound":209907430.5},"point_estimate":209468576.3333333,"standard_error":210879.38613281614},"median_abs_dev":{"confidence_interval":{"confidence_level":0.95,"lower_bound":79752.01778411865,"upper_bound":869410.7092648745},"point_estimate":524943.4313803911,"standard_error":208289.76042341653},"slope":null,"std_dev":{"confidence_interval":{"confidence_level":0.95,"lower_bound":286616.49529882194,"upper_bound":645157.9758052032},"point_estimate":511751.31210531946,"standard_error":90636.52945354285}}