{"mean":{"confidence_interval":{"confidence_level":0.95,"lower_bound":15725053.353255622,"upper_bound":15928425.137041997},"point_estimate":15825182.972354496,"standard_error":52165.765687434236},"median":{"confidence_interval":{"confidence_level":0.95,"lower_bound":15642918.944444444,"upper_bound":15978913.875},"point_estimate":15806813.791666668,"standard_error":70427.0296176128},"median_abs_dev":{"confidence_interval":{"confidence_level":0.95,"lower_bound":13100.619604917772,"upper_bound":307834.0857848525},"point_estimate":203735.12697186833,"standard_error":76967.81154923927},"slope":{"confidence_interval":{"confidence_level":0.95,"lower_bound":15710873.797008548,"upper_bound":15962525.093923973},"point_estimate":15860391.127272727,"standard_error":64787.265438722054},"std_dev":{"confidence_interval":{"confidence_level":0.95,"lower_bound":100769.31146816847,"upper_bound":215139.28249123396},"point_estimate":173758.65325056468,"standard_error":29461.531564205998}}